"","month","year","site","plot","Genus_species","rep","height","scenesced_leaves","green_leaves","emerging_leaves","leaf_area","force_to_break_leaf","leaf_wet_wt","herbivory_binary","herbivory_proportion","leaf_dry_wt","individual_biomass","notes","trt"
"1","august",2011,"pplots","1f","Dichanthelium_oligosanthes",1,20.5,4,7,3,131.517,167.97,0.0163,1,0.2,0.0059,0.2062,"","C::P0"
"2","august",2011,"pplots","1f","Dichanthelium_oligosanthes",3,18,4,9,3,190.91,183.92,0.0281,1,0.2,0.0087,0.1905,"","C::P0"
"3","august",2011,"pplots","1f","Schizachyrium_scoparium",3,27,2,2,1,193.813,114.97,0.0359,1,0.1,0.0133,0.0876,"","C::P0"
"4","august",2011,"pplots","1f","Dichanthelium_oligosanthes",2,21.5,3,7,1,338.093,156.87,0.0445,1,0.2,0.0131,0.1883,"","C::P0"
"5","june",2011,"pplots","1f","Schizachyrium_scoparium",3,33,1,3,1,350.614,137.45,0.0452,0,0,0.0253,0.0846,"","C::P0"
"6","june",2011,"pplots","1f","Dichanthelium_oligosanthes",1,16,1,4,5,357.987,109.3,0.0559,1,0.1,0.0108,0.1881,"","C::P0"
"7","june",2011,"pplots","1f","Schizachyrium_scoparium",1,27.5,2,2,1,523.451,145.87,0.0594,0,0,0.029,0.0976,"","C::P0"
"8","june",2011,"pplots","1f","Schizachyrium_scoparium",2,26.5,1,2,1,523.508,168.25,0.0676,0,0,0.0254,0.1028,"","C::P0"
"9","august",2011,"pplots","1f","Schizachyrium_scoparium",1,29.5,3,4,1,508.006,132.53,0.0863,1,0.1,0.0368,0.2217,"","C::P0"
"10","june",2011,"pplots","1f","Dichanthelium_oligosanthes",3,27,1,9,9,566.134,153.54,0.0935,0,0,0.0266,0.4686,"","C::P0"
"11","august",2011,"pplots","1f","Schizachyrium_scoparium",2,40.5,1,2,1,620.702,172.1,0.1086,1,0.2,0.0473,0.1715,"","C::P0"
"12","june",2011,"pplots","1f","Dichanthelium_oligosanthes",2,30,2,8,9,701.112,151.1,0.1316,0,0,0.049,0.5679,"","C::P0"
"13","june",2011,"pplots","1f","Andropogon_gerardii",1,45,1,3,2,910.81,216.86,0.1435,0,0,0.0438,0.22,"","C::P0"
"14","august",2011,"pplots","1f","Sorghastrum_nutans",2,42,3,2,1,606.743,186.2,0.1462,1,0.1,0.0524,0.6242,"","C::P0"
"15","june",2011,"pplots","1f","Sorghastrum_nutans",2,43,1,2,1,885.516,165.56,0.1468,0,0,0.0534,0.232,"","C::P0"
"16","august",2011,"pplots","1f","Solidago_missouriensis",2,21,4,2,1,577.282,86.28,0.158,1,0.3,0.0502,0.2685,"","C::P0"
"17","august",2011,"pplots","1f","Andropogon_gerardii",2,46.5,3,2,1,661.117,161.5,0.1604,1,0.3,0.0562,0.3667,"","C::P0"
"18","august",2011,"pplots","1f","Solidago_missouriensis",1,28,5,5,1,515.729,107.45,0.1634,1,0.2,0.0658,0.9366,"","C::P0"
"19","june",2011,"pplots","1f","Sorghastrum_nutans",1,36.5,1,1,2,1015.325,144.36,0.1829,0,0,0.0592,0.3208,"","C::P0"
"20","june",2011,"pplots","1f","Andropogon_gerardii",3,50.5,1,2,2,1176.538,139.09,0.216,0,0,0.0673,0.3381,"","C::P0"
"21","august",2011,"pplots","1f","Solidago_missouriensis",3,27.5,5,4,1,745.561,119.52,0.2287,1,0.4,0.0834,0.688,"","C::P0"
"22","june",2011,"pplots","1f","Solidago_missouriensis",1,19,4,6,1,815.025,137.99,0.2452,1,0.2,0.0734,0.5267,"","C::P0"
"23","june",2011,"pplots","1f","Sorghastrum_nutans",3,44.5,2,1,1,1215.531,164.74,0.2469,0,0,0.0609,0.2233,"","C::P0"
"24","august",2011,"pplots","1f","Andropogon_gerardii",1,51,4,2,1,1191.116,138.5,0.2825,1,0.3,0.1194,0.4854,"","C::P0"
"25","june",2011,"pplots","1f","Solidago_missouriensis",3,23,2,9,2,993.915,150.5,0.3051,0,0,0.0862,0.801,"","C::P0"
"26","june",2011,"pplots","1f","Solidago_missouriensis",2,25,2,10,2,993.7,136.8,0.3156,0,0,0.0939,1.0644,"","C::P0"
"27","august",2011,"pplots","1f","Andropogon_gerardii",3,66,6,1,1,1665.769,190.69,0.4536,1,0.3,0.1346,1.3585,"","C::P0"
"28","august",2011,"pplots","1f","Sorghastrum_nutans",1,56.5,3,1,1,1870.285,287.73,0.472,1,0.3,0.2345,0.6379,"","C::P0"
"29","june",2011,"pplots","1f","Andropogon_gerardii",2,63,1,5,1,2304.952,350.16,0.4894,0,0,0.1621,0.797,"","C::P0"
"30","august",2011,"pplots","1f","Sorghastrum_nutans",3,51.5,3,2,2,1846.658,207.23,0.5355,1,0.1,0.2383,0.8547,"","C::P0"
"31","june",2011,"pplots","5a","Ambrosia_psilostachya",3,9,2,4,2,32.014,6.19,0.0051,0,0,3e-04,0.0076,"","C::P0"
"32","august",2011,"pplots","5a","Sorghastrum_nutans",3,16,0,1,1,80.263,175.34,0.0152,0,0,0.0082,0.0441,"","C::P0"
"33","june",2011,"pplots","5a","Dichanthelium_oligosanthes",2,12.5,4,2,2,182.817,107.21,0.0266,1,0.1,0.0059,0.1468,"","C::P0"
"34","august",2011,"pplots","5a","Dichanthelium_oligosanthes",2,24,4,17,3,215.178,180.68,0.031,1,0.1,0.0115,0.5445,"","C::P0"
"35","august",2011,"pplots","5a","Dichanthelium_oligosanthes",1,24,3,14,2,223.551,181,0.0319,1,0.2,0.0086,0.2985,"","C::P0"
"36","june",2011,"pplots","5a","Sorghastrum_nutans",3,39,0,1,2,313.775,105.82,0.0381,0,0,0.0118,0.0909,"","C::P0"
"37","august",2011,"pplots","5a","Schizachyrium_scoparium",1,34,3,2,1,217.123,136.42,0.0398,0,0,0.0146,0.1307,"","C::P0"
"38","august",2011,"pplots","5a","Dichanthelium_oligosanthes",3,22,4,14,5,272.442,178.37,0.0402,1,0.1,0.0102,0.4263,"","C::P0"
"39","august",2011,"pplots","5a","Schizachyrium_scoparium",2,41,1,3,1,279.645,156.06,0.0463,1,0.2,0.0187,0.2252,"","C::P0"
"40","june",2011,"pplots","5a","Dichanthelium_oligosanthes",1,21,2,4,1,372.067,118.33,0.0505,1,0.3,0.0135,0.1841,"","C::P0"
"41","june",2011,"pplots","5a","Dichanthelium_oligosanthes",3,14.5,2,2,1,380.388,98.35,0.0546,0,0,0.0118,0.0817,"","C::P0"
"42","june",2011,"pplots","5a","Schizachyrium_scoparium",2,25,1,1,1,433.058,96.77,0.0587,1,0.1,0.0188,0.0448,"","C::P0"
"43","august",2011,"pplots","5a","Schizachyrium_scoparium",3,37,2,2,1,364.22,126.43,0.0626,1,0.3,0.0249,0.2495,"","C::P0"
"44","june",2011,"pplots","5a","Schizachyrium_scoparium",3,35.5,0,3,1,499.528,170.13,0.0884,0,0,0.031,0.1498,"","C::P0"
"45","june",2011,"pplots","5a","Andropogon_gerardii",2,44,1,2,2,681.325,133.25,0.0942,0,0,0.0283,0.1463,"","C::P0"
"46","august",2011,"pplots","5a","Andropogon_gerardii",2,43,1,1,1,695.096,100.24,0.0954,0,0,0.0353,0.1342,"","C::P0"
"47","june",2011,"pplots","5a","Schizachyrium_scoparium",1,34,0,4,1,717.439,74.69,0.1101,0,0,0.0427,0.2064,"","C::P0"
"48","august",2011,"pplots","5a","Andropogon_gerardii",1,32,3,1,0,677.541,123.95,0.1137,1,0.2,0.0494,0.1312,"","C::P0"
"49","august",2011,"pplots","5a","Solidago_missouriensis",2,32.5,8,12,1,381.646,87.05,0.1161,0,0,0.0449,1.0332,"","C::P0"
"50","june",2011,"pplots","5a","Andropogon_gerardii",1,45,2,3,1,740.17,136.66,0.1301,0,0,0.0461,0.2665,"","C::P0"
"51","june",2011,"pplots","5a","Sorghastrum_nutans",2,46,1,2,1,1026.554,162.51,0.1352,0,0,0.0405,0.1576,"","C::P0"
"52","august",2011,"pplots","5a","Solidago_missouriensis",3,38,8,10,1,557.999,104.3,0.1576,1,0.2,0.058,1.2477,"","C::P0"
"53","june",2011,"pplots","5a","Solidago_missouriensis",3,29,3,12,0,594.393,104.05,0.1634,0,0,0.0402,0.8437,"","C::P0"
"54","august",2011,"pplots","5a","Andropogon_gerardii",3,49.5,3,3,1,915.619,143.65,0.1952,1,0.2,0.0662,0.6212,"","C::P0"
"55","august",2011,"pplots","5a","Solidago_missouriensis",1,43.5,8,15,11,789.069,114.84,0.2224,1,0.1,0.0735,1.7289,"","C::P0"
"56","august",2011,"pplots","5a","Sorghastrum_nutans",2,57.5,2,2,1,1049.416,161.08,0.2281,1,0.2,0.1045,0.4364,"","C::P0"
"57","june",2011,"pplots","5a","Solidago_missouriensis",2,44.5,2,23,26,873.49,139.74,0.2608,1,0.1,0.0792,3.3264,"","C::P0"
"58","august",2011,"pplots","5a","Sorghastrum_nutans",1,48.5,2,2,1,1525.1,170.51,0.2698,1,0.2,0.1141,0.3348,"","C::P0"
"59","june",2011,"pplots","5a","Solidago_missouriensis",1,32.5,2,13,2,942.702,249.28,0.2772,1,0.1,0.0789,1.5511,"","C::P0"
"60","june",2011,"pplots","5a","Andropogon_gerardii",3,58,1,4,1,2492.067,161.44,0.4847,0,0,0.1687,0.8165,"","C::P0"
"61","june",2011,"pplots","5a","Sorghastrum_nutans",1,57,2,2,1,2604.595,172.3,0.5092,1,0.3,0.1667,0.64,"","C::P0"
"62","june",2011,"pplots","5c","Oxalis_stricta",2,4.5,1,3,1,49.246,13.93,0.0049,0,0,0.0014,0.0047,"","C::P0"
"63","june",2011,"pplots","5c","Oxalis_stricta",1,4.5,0,6,1,53.123,6.18,0.0053,1,0.1,0.0011,0.0066,"","C::P0"
"64","june",2011,"pplots","5c","Ambrosia_psilostachya",1,16,4,4,2,92.403,35.02,0.0174,1,0.5,0.0047,0.0464,"","C::P0"
"65","june",2011,"pplots","5c","Andropogon_gerardii",1,40,3,4,1,1218.194,136.05,0.0277,0,0,0.0715,0.4531,"","C::P0"
"66","august",2011,"pplots","5c","Dichanthelium_oligosanthes",2,34,5,22,5,188.778,102.65,0.0278,1,0.1,0.0082,0.7499,"","C::P0"
"67","june",2011,"pplots","5c","Schizachyrium_scoparium",3,28.5,0,3,1,263.344,203.29,0.0289,0,0,0.0088,0.0548,"","C::P0"
"68","june",2011,"pplots","5c","Ambrosia_psilostachya",3,19.5,4,6,4,147.694,105.86,0.0307,1,0.1,0.0093,0.134,"","C::P0"
"69","august",2011,"pplots","5c","Dichanthelium_oligosanthes",3,24.5,6,15,6,213.386,120.59,0.0315,1,0.1,0.0117,0.4504,"","C::P0"
"70","august",2011,"pplots","5c","Schizachyrium_scoparium",2,29,2,3,0,242.166,103.08,0.0324,1,0.2,0.0151,0.1175,"","C::P0"
"71","august",2011,"pplots","5c","Schizachyrium_scoparium",3,38.5,2,2,1,220.403,107.63,0.0357,1,0.1,0.017,0.1688,"","C::P0"
"72","august",2011,"pplots","5c","Dichanthelium_oligosanthes",1,19.5,4,13,5,275.599,180.7,0.0401,0,0,0.0165,0.2888,"","C::P0"
"73","june",2011,"pplots","5c","Sorghastrum_nutans",1,40,1,1,2,371.27,114.43,0.049,1,0.1,0.0189,0.1245,"","C::P0"
"74","june",2011,"pplots","5c","Dichanthelium_oligosanthes",1,23,1,5,2,366.28,117.25,0.0558,1,0.3,0.0159,0.2584,"","C::P0"
"75","august",2011,"pplots","5c","Solidago_missouriensis",2,13,4,3,1,264.911,110.55,0.0589,1,0.1,0.045,0.1953,"","C::P0"
"76","june",2011,"pplots","5c","Dichanthelium_oligosanthes",3,20,1,6,3,395.953,94.6,0.0615,0,0,0.0182,0.2045,"","C::P0"
"77","june",2011,"pplots","5c","Sorghastrum_nutans",3,32.5,2,1,1,547.712,172.78,0.0622,0,0,0.0356,0.1264,"moldy","C::P0"
"78","june",2011,"pplots","5c","Dichanthelium_oligosanthes",2,23.5,2,3,2,441.308,147.2,0.0669,1,0.2,0.0187,0.1736,"","C::P0"
"79","june",2011,"pplots","5c","Ambrosia_psilostachya",2,22.5,6,6,4,303.608,64.86,0.0673,1,0.1,0.017,0.2085,"","C::P0"
"80","august",2011,"pplots","5c","Schizachyrium_scoparium",1,31.5,2,3,1,361.117,147.4,0.07,1,0.3,0.032,0.2253,"","C::P0"
"81","august",2011,"pplots","5c","Andropogon_gerardii",1,39.5,3,2,2,424.341,186.59,0.0717,0,0,0.0303,0.4365,"","C::P0"
"82","june",2011,"pplots","5c","Schizachyrium_scoparium",2,32,0,3,1,591.837,183.3,0.0866,0,0,0.0305,0.1333,"","C::P0"
"83","august",2011,"pplots","5c","Andropogon_gerardii",3,40.5,4,2,1,492.866,166.18,0.0899,1,0.1,0.0338,0.6219,"","C::P0"
"84","august",2011,"pplots","5c","Solidago_missouriensis",3,11,4,1,1,418.191,77.98,0.1038,0,0,0.0335,0.1124,"","C::P0"
"85","june",2011,"pplots","5c","Andropogon_gerardii",3,39.5,0,2,2,731.719,122.39,0.1089,0,0,0.0375,0.1872,"","C::P0"
"86","august",2011,"pplots","5c","Andropogon_gerardii",2,37.5,4,3,2,565.474,203,0.1135,1,0.3,0.0434,0.4739,"","C::P0"
"87","june",2011,"pplots","5c","Andropogon_gerardii",2,42,1,4,2,751.298,111.94,0.1181,1,0.1,0.0378,0.3394,"","C::P0"
"88","june",2011,"pplots","5c","Schizachyrium_scoparium",1,39,0,4,1,837.074,182.46,0.1315,0,0,0.0469,0.2737,"","C::P0"
"89","august",2011,"pplots","5c","Sorghastrum_nutans",3,33,3,2,1,588.173,207.79,0.1426,1,0.1,0.057,0.2325,"","C::P0"
"90","august",2011,"pplots","5c","Sorghastrum_nutans",1,39.5,3,1,1,884.785,182.67,0.1541,1,0.3,0.0632,0.4441,"","C::P0"
"91","june",2011,"pplots","5c","Solidago_missouriensis",3,17.5,2,8,0,575.744,106.19,0.1705,1,0.2,0.0427,0.3659,"","C::P0"
"92","june",2011,"pplots","5c","Sorghastrum_nutans",2,39,1,2,1,1162.351,172.47,0.2002,0,0,0.0637,0.217,"","C::P0"
"93","june",2011,"pplots","5c","Solidago_missouriensis",1,16.5,3,6,2,759.376,100.19,0.2009,0,0,0.0514,0.3199,"","C::P0"
"94","august",2011,"pplots","5c","Solidago_missouriensis",1,17.5,2,3,1,888.064,113.7,0.2703,0,0,0.0834,0.3051,"","C::P0"
"95","august",2011,"pplots","5c","Sorghastrum_nutans",2,41.5,2,3,1,1397.796,183.67,0.3187,1,0.1,0.1066,0.5257,"","C::P0"
"96","june",2011,"pplots","5c","Solidago_missouriensis",2,17,3,6,1,1025.607,100.38,0.3234,1,0.2,0.0937,0.6572,"","C::P0"
"97","june",2011,"pplots","6c","Ambrosia_psilostachya",1,15,2,6,2,132.846,68.89,0.0256,1,0.1,0.0057,0.0533,"","C::P0"
"98","august",2011,"pplots","6c","Schizachyrium_scoparium",2,39,3,4,2,252.496,202.94,0.0264,1,0.1,0.0147,0.3458,"","C::P0"
"99","august",2011,"pplots","6c","Dichanthelium_oligosanthes",1,18.5,4,3,0,167.558,185.89,0.0272,1,0.1,0.0072,0.1263,"","C::P0"
"100","august",2011,"pplots","6c","Dichanthelium_oligosanthes",3,21.5,2,9,5,163.375,121.2,0.0273,1,0.1,0.0077,0.304,"","C::P0"
"101","june",2011,"pplots","6c","Ambrosia_psilostachya",3,15.5,2,6,2,120.785,54.95,0.0279,1,0.5,0.0054,0.0634,"","C::P0"
"102","august",2011,"pplots","6c","Sorghastrum_nutans",2,36.5,1,3,1,212.998,145,0.029,1,0.1,0.0115,0.1895,"","C::P0"
"103","august",2011,"pplots","6c","Schizachyrium_scoparium",3,36,1,3,1,166.704,160.82,0.0305,1,0.2,0.0116,0.1662,"","C::P0"
"104","august",2011,"pplots","6c","Dichanthelium_oligosanthes",2,19.5,9,19,3,239.211,142.71,0.0332,1,0.2,0.0107,0.5117,"","C::P0"
"105","june",2011,"pplots","6c","Andropogon_gerardii",1,29,1,1,2,314.663,213.54,0.0363,0,0,0.016,0.1078,"","C::P0"
"106","june",2011,"pplots","6c","Ambrosia_psilostachya",2,21,4,6,4,258.074,71.22,0.0565,1,0.5,0.0123,0.1655,"","C::P0"
"107","june",2011,"pplots","6c","Dichanthelium_oligosanthes",3,13.5,0,4,3,444.065,107.43,0.0684,0,0,0.0169,0.1391,"","C::P0"
"108","june",2011,"pplots","6c","Schizachyrium_scoparium",1,37,1,2,1,595.334,137.5,0.0776,0,0,0.0303,0.1596,"","C::P0"
"109","june",2011,"pplots","6c","Dichanthelium_oligosanthes",2,33,1,9,3,454.79,114.3,0.0791,0,0,0.0195,0.4758,"","C::P0"
"110","june",2011,"pplots","6c","Dichanthelium_oligosanthes",1,33.5,2,11,8,492.707,120.52,0.0904,0,0,0.0215,0.6347,"","C::P0"
"111","august",2011,"pplots","6c","Schizachyrium_scoparium",1,31.5,5,1,0,361.2,106.47,0.0948,1,0.1,0.0381,0.1528,"","C::P0"
"112","august",2011,"pplots","6c","Sorghastrum_nutans",3,39.5,3,3,1,433.354,207.98,0.0955,1,0.3,0.0341,0.6442,"","C::P0"
"113","august",2011,"pplots","6c","Andropogon_gerardii",3,26.5,2,1,1,492.758,164.68,0.0992,1,0.3,0.0416,0.1563,"","C::P0"
"114","june",2011,"pplots","6c","Sorghastrum_nutans",1,32,2,2,1,779.808,240.97,0.1049,0,0,0.0373,0.1308,"","C::P0"
"115","june",2011,"pplots","6c","Schizachyrium_scoparium",3,42,0,2,1,778.89,225.36,0.1057,0,0,0.0435,0.1981,"","C::P0"
"116","june",2011,"pplots","6c","Sorghastrum_nutans",2,34,2,1,1,728.959,136.99,0.1059,0,0,0.0339,0.1506,"","C::P0"
"117","june",2011,"pplots","6c","Schizachyrium_scoparium",2,37,2,2,1,779.407,161.78,0.1173,0,0,0.0422,0.1645,"","C::P0"
"118","june",2011,"pplots","6c","Andropogon_gerardii",2,33,0,3,2,807.582,113.8,0.1217,0,0,0.0426,0.1933,"","C::P0"
"119","august",2011,"pplots","6c","Solidago_missouriensis",2,15.5,5,1,1,660.796,85.95,0.192,1,0.3,0.0616,0.3219,"","C::P0"
"120","august",2011,"pplots","6c","Andropogon_gerardii",2,45.5,5,2,1,983.644,101.36,0.2198,1,0.3,0.076,0.6318,"","C::P0"
"121","june",2011,"pplots","6c","Solidago_missouriensis",3,12,1,5,0,770.954,113.99,0.2276,1,0.2,0.0619,0.2314,"","C::P0"
"122","august",2011,"pplots","6c","Solidago_missouriensis",1,18,5,1,1,746.168,100.85,0.2305,1,0.3,0.0783,0.423,"","C::P0"
"123","june",2011,"pplots","6c","Sorghastrum_nutans",3,40.5,1,3,1,1403.644,183.28,0.2339,0,0,0.0758,0.2708,"","C::P0"
"124","august",2011,"pplots","6c","Sorghastrum_nutans",1,47,2,2,1,1105.503,193.76,0.2456,1,0.2,0.1024,0.2883,"","C::P0"
"125","june",2011,"pplots","6c","Solidago_missouriensis",2,16,1,6,0,842.111,119.87,0.246,0,0,0.0642,0.2935,"","C::P0"
"126","june",2011,"pplots","6c","Andropogon_gerardii",3,48.5,0,3,2,1485.027,148.68,0.2599,0,0,0.0894,0.5115,"","C::P0"
"127","june",2011,"pplots","6c","Solidago_missouriensis",1,15.5,1,9,0,1145.658,145.69,0.3299,1,0.3,0.0873,0.6177,"","C::P0"
"128","august",2011,"pplots","6c","Andropogon_gerardii",1,46,5,2,1,1567.843,161.07,0.3651,1,0.3,0.1602,0.6464,"","C::P0"
"129","august",2011,"pplots","6d","Schizachyrium_scoparium",3,36,0,3,1,112.798,147.39,0.0188,1,0.3,0.0086,0.1082,"","C::P0"
"130","august",2011,"pplots","6d","Dichanthelium_oligosanthes",1,27,6,17,6,160.003,148.36,0.0278,1,0.1,0.0077,0.4408,"","C::P0"
"131","august",2011,"pplots","6d","Dichanthelium_oligosanthes",3,21,5,6,2,182.257,199.96,0.0279,0,0,0.0082,0.1891,"","C::P0"
"132","june",2011,"pplots","6d","Ambrosia_psilostachya",1,21,2,4,4,162.62,63.46,0.0288,1,0.2,0.0076,0.0869,"","C::P0"
"133","august",2011,"pplots","6d","Dichanthelium_oligosanthes",2,23,5,12,2,276.725,192.86,0.0447,0,0,0.0141,0.3799,"","C::P0"
"134","june",2011,"pplots","6d","Dichanthelium_oligosanthes",1,44,2,6,4,328.385,197.8,0.0505,1,0.1,0.0157,0.5607,"","C::P0"
"135","june",2011,"pplots","6d","Schizachyrium_scoparium",3,23,0,3,1,461.088,96.02,0.0565,0,0,0.0209,0.0771,"","C::P0"
"136","august",2011,"pplots","6d","Schizachyrium_scoparium",1,24.5,1,1,0,391.582,169.73,0.0566,0,0,0.0236,0.0504,"","C::P0"
"137","june",2011,"pplots","6d","Schizachyrium_scoparium",1,26,1,2,1,463.072,228.9,0.06,0,0,0.021,0.1066,"","C::P0"
"138","august",2011,"pplots","6d","Schizachyrium_scoparium",2,28,2,2,1,373.948,173.44,0.0675,1,0.1,0.0312,0.1218,"","C::P0"
"139","june",2011,"pplots","6d","Ambrosia_psilostachya",2,28,4,6,6,288.538,35.27,0.0687,1,0.4,0.0179,0.2719,"","C::P0"
"140","june",2011,"pplots","6d","Dichanthelium_oligosanthes",3,26,2,8,7,450.498,104.42,0.0845,1,0.1,0.0215,0.4554,"","C::P0"
"141","august",2011,"pplots","6d","Solidago_missouriensis",2,36,4,18,8,295.665,57.76,0.0948,1,0.1,0.037,1.1549,"","C::P0"
"142","june",2011,"pplots","6d","Schizachyrium_scoparium",2,38,1,3,0,612.314,155.59,0.0953,0,0,0.0296,0.1313,"","C::P0"
"143","june",2011,"pplots","6d","Sorghastrum_nutans",3,42,1,2,2,653.726,178.88,0.0971,0,0,0.0261,0.1735,"","C::P0"
"144","august",2011,"pplots","6d","Sorghastrum_nutans",2,21,1,1,1,637.961,148.37,0.1105,0,0,0.0336,0.0867,"","C::P0"
"145","august",2011,"pplots","6d","Sorghastrum_nutans",3,27.5,3,1,1,499.891,135.91,0.1122,1,0.2,0.0474,0.1252,"","C::P0"
"146","june",2011,"pplots","6d","Ambrosia_psilostachya",3,32.5,5,9,4,569.128,90.36,0.128,1,0.4,0.0374,0.5614,"","C::P0"
"147","june",2011,"pplots","6d","Dichanthelium_oligosanthes",2,39,3,11,6,685.231,154.55,0.1301,1,0.2,0.0378,0.9236,"","C::P0"
"148","august",2011,"pplots","6d","Andropogon_gerardii",3,43.5,4,1,1,804.866,127.84,0.1364,1,0.1,0.0559,0.2079,"","C::P0"
"149","august",2011,"pplots","6d","Andropogon_gerardii",1,34,3,2,1,980.722,118.25,0.1429,1,0.3,0.0657,0.3439,"","C::P0"
"150","june",2011,"pplots","6d","Andropogon_gerardii",1,34.5,2,2,2,959.532,112.1,0.1443,1,0.3,0.048,0.2399,"","C::P0"
"151","august",2011,"pplots","6d","Sorghastrum_nutans",1,50.5,3,2,1,736.113,171.11,0.1724,1,0.1,0.0567,0.3716,"","C::P0"
"152","june",2011,"pplots","6d","Andropogon_gerardii",2,41,1,2,2,1180.711,114.13,0.1799,0,0,0.0634,0.3248,"","C::P0"
"153","june",2011,"pplots","6d","Solidago_missouriensis",2,29,1,5,1,794.088,126.78,0.1981,0,0,0.0548,0.2837,"","C::P0"
"154","june",2011,"pplots","6d","Andropogon_gerardii",3,41,0,5,2,1354.209,117.32,0.2232,1,0.1,0.0719,0.3639,"","C::P0"
"155","june",2011,"pplots","6d","Sorghastrum_nutans",1,47,2,2,1,1308.26,109.63,0.2396,1,0.2,0.0756,0.3622,"","C::P0"
"156","august",2011,"pplots","6d","Solidago_missouriensis",3,18.5,1,7,1,761.994,85.67,0.28,1,0.1,0.1086,0.4248,"","C::P0"
"157","august",2011,"pplots","6d","Andropogon_gerardii",2,44.5,5,1,1,1577.506,186.44,0.3023,1,0.1,0.1477,0.6759,"","C::P0"
"158","june",2011,"pplots","6d","Solidago_missouriensis",1,28.5,2,14,11,1037.352,95.85,0.3137,1,0.1,0.0838,1.7043,"","C::P0"
"159","june",2011,"pplots","6d","Solidago_missouriensis",3,27.5,2,8,1,1063.012,83.2,0.3399,0,0,0.1033,0.7393,"","C::P0"
"160","june",2011,"pplots","6d","Sorghastrum_nutans",2,45,2,2,0,2395.869,212.54,0.4579,0,0,0.1534,0.4474,"","C::P0"
"161","june",2011,"pplots","8f","Oxalis_stricta",1,6,2,4,0,53.74,8.7,0.0067,0,0,2e-04,0.0033,"","C::P0"
"162","june",2011,"pplots","8f","Oxalis_stricta",2,5,0,4,1,68.71,24.5,0.0085,1,0.1,5e-04,0.0044,"","C::P0"
"163","june",2011,"pplots","8f","Ambrosia_psilostachya",1,15,4,4,4,124.187,19.26,0.014,1,0.5,0.0041,0.0492,"","C::P0"
"164","june",2011,"pplots","8f","Oxalis_stricta",3,10.5,0,5,1,142.05,23.95,0.0181,1,0.1,0.0034,0.0236,"","C::P0"
"165","june",2011,"pplots","8f","Dichanthelium_oligosanthes",2,13,3,4,6,211.794,83.12,0.0263,1,0.2,0.0069,0.1736,"","C::P0"
"166","august",2011,"pplots","8f","Dichanthelium_oligosanthes",3,18,5,11,2,194.188,153.83,0.0272,1,0.1,0.0084,0.2336,"","C::P0"
"167","august",2011,"pplots","8f","Dichanthelium_oligosanthes",2,22,3,6,1,209.347,198.5,0.0318,1,0.3,0.0102,0.1914,"","C::P0"
"168","june",2011,"pplots","8f","Ambrosia_psilostachya",3,18,3,6,2,176.692,33.32,0.0374,1,0.2,0.0091,0.1194,"","C::P0"
"169","august",2011,"pplots","8f","Dichanthelium_oligosanthes",1,19.5,3,10,1,215.502,185.42,0.0379,1,0.2,0.0124,0.2958,"","C::P0"
"170","august",2011,"pplots","8f","Schizachyrium_scoparium",2,22.5,0,2,1,281.559,133.09,0.0437,1,0.2,0.0196,0.048,"","C::P0"
"171","august",2011,"pplots","8f","Schizachyrium_scoparium",1,24,1,3,1,292.458,153.44,0.0456,1,0.2,0.017,0.1237,"","C::P0"
"172","june",2011,"pplots","8f","Dichanthelium_oligosanthes",3,18,3,5,5,382.721,115.93,0.0602,1,0.2,0.0183,0.3664,"","C::P0"
"173","june",2011,"pplots","8f","Ambrosia_psilostachya",2,23.5,6,6,4,258.397,33.98,0.0617,1,0.5,0.0138,0.2087,"","C::P0"
"174","june",2011,"pplots","8f","Sorghastrum_nutans",2,35,0,1,1,533.244,157.21,0.0653,0,0,0.0257,0.073,"","C::P0"
"175","june",2011,"pplots","8f","Schizachyrium_scoparium",1,24.5,1,2,1,455.581,109.5,0.0671,0,0,0.0227,0.0859,"","C::P0"
"176","august",2011,"pplots","8f","Schizachyrium_scoparium",3,28.5,1,2,1,470.92,126.14,0.07,1,0.2,0.0319,0.1102,"","C::P0"
"177","june",2011,"pplots","8f","Schizachyrium_scoparium",3,26.5,1,2,1,514.282,104.18,0.0742,0,0,0.0201,0.0802,"","C::P0"
"178","august",2011,"pplots","8f","Andropogon_gerardii",1,27.5,1,1,2,581.91,121.73,0.0751,1,0.3,0.0367,0.0995,"","C::P0"
"179","june",2011,"pplots","8f","Schizachyrium_scoparium",2,35,0,2,1,563.944,108.86,0.0822,0,0,0.0267,0.1323,"","C::P0"
"180","june",2011,"pplots","8f","Andropogon_gerardii",1,28,1,2,2,556.068,79.33,0.084,0,0,0.0275,0.1358,"","C::P0"
"181","august",2011,"pplots","8f","Solidago_missouriensis",3,12.5,2,3,1,357.234,95.23,0.0953,1,0.5,0.0322,0.1833,"","C::P0"
"182","june",2011,"pplots","8f","Dichanthelium_oligosanthes",1,24.5,2,13,9,674.231,109.34,0.1294,1,0.1,0.0396,0.5802,"","C::P0"
"183","august",2011,"pplots","8f","Andropogon_gerardii",3,35,3,3,1,697.269,119.85,0.1472,1,0.3,0.0517,0.3625,"","C::P0"
"184","june",2011,"pplots","8f","Solidago_missouriensis",3,15.5,1,5,1,763.138,142.42,0.1713,1,0.3,0.0467,0.2552,"","C::P0"
"185","august",2011,"pplots","8f","Solidago_missouriensis",2,17.5,1,4,1,665.276,113.02,0.1922,1,0.1,0.0596,0.3104,"","C::P0"
"186","june",2011,"pplots","8f","Solidago_missouriensis",2,14,1,6,0,712.212,78.19,0.2052,0,0,0.0582,0.2616,"","C::P0"
"187","august",2011,"pplots","8f","Sorghastrum_nutans",2,38.5,2,2,1,1346.686,184.24,0.2624,1,0.1,0.1,0.4216,"","C::P0"
"188","june",2011,"pplots","8f","Andropogon_gerardii",2,60.5,1,2,3,1433.55,293.43,0.2762,0,0,0.0876,0.6984,"","C::P0"
"189","june",2011,"pplots","8f","Andropogon_gerardii",3,55,2,2,1,1511.263,209.56,0.2994,0,0,0.0919,0.393,"","C::P0"
"190","august",2011,"pplots","8f","Andropogon_gerardii",2,48,3,1,1,1357.901,114.81,0.3011,1,0.1,0.1314,0.4619,"","C::P0"
"191","june",2011,"pplots","8f","Sorghastrum_nutans",1,40,2,2,1,1790.588,189.48,0.3166,1,0.2,0.1118,0.3047,"","C::P0"
"192","june",2011,"pplots","8f","Solidago_missouriensis",1,17,0,6,1,1048.639,121.78,0.3202,0,0,0.0917,0.3797,"","C::P0"
"193","august",2011,"pplots","8f","Sorghastrum_nutans",3,46.5,1,2,1,1668.981,307.25,0.3316,1,0.1,0.148,0.4703,"","C::P0"
"194","june",2011,"pplots","8f","Sorghastrum_nutans",3,55.5,2,1,1,2447.553,189.04,0.4257,0,0,0.1289,0.4993,"","C::P0"
"195","august",2011,"pplots","8f","Sorghastrum_nutans",1,63,2,1,2,2580.598,173.93,0.5343,1,0.2,0.2358,0.4896,"","C::P0"
"196","june",2011,"nutnet","4","Ambrosia_psilostachya",1,9.5,4,4,0,46.808,37.09,0.0097,0,0,0.002,0.0178,"","x"
"197","june",2011,"nutnet","4","Ambrosia_psilostachya",2,7,4,2,1,59.649,79.32,0.0123,0,0,0.0031,0.0199,"","x"
"198","august",2011,"nutnet","4","Dichanthelium_oligosanthes",1,20,5,16,8,122.289,119.29,0.0166,0,0,0.0068,0.4214,"","x"
"199","august",2011,"nutnet","4","Dichanthelium_oligosanthes",2,17.5,4,11,2,172.048,154.88,0.0227,1,0.1,0.0074,0.2036,"","x"
"200","june",2011,"nutnet","4","Dichanthelium_oligosanthes",3,22,3,15,4,223.941,124.48,0.0293,1,0.1,0.0067,0.3903,"","x"
"201","august",2011,"nutnet","4","Dichanthelium_oligosanthes",3,20,3,12,4,238.961,155.85,0.0326,0,0,0.0152,0.2891,"","x"
"202","june",2011,"nutnet","4","Ambrosia_psilostachya",3,18.5,1,8,4,184.998,78.08,0.0366,1,0.1,0.0106,0.1562,"","x"
"203","august",2011,"nutnet","4","Schizachyrium_scoparium",3,31.5,1,4,0,264.257,155.25,0.0504,1,0.2,0.0198,0.2354,"","x"
"204","june",2011,"nutnet","4","Dichanthelium_oligosanthes",2,26.5,0,11,4,383.983,141.23,0.0541,1,0.2,0.0134,0.4251,"","x"
"205","august",2011,"nutnet","4","Schizachyrium_scoparium",1,25,4,2,1,313.528,99.78,0.0588,1,0.1,0.0235,0.2015,"","x"
"206","june",2011,"nutnet","4","Schizachyrium_scoparium",1,29,1,2,1,320.639,201.54,0.0594,0,0,0.022,0.1292,"","x"
"207","june",2011,"nutnet","4","Dichanthelium_oligosanthes",1,17,0,10,3,420.325,135.02,0.0618,1,0.1,0.0156,0.2804,"","x"
"208","june",2011,"nutnet","4","Schizachyrium_scoparium",3,29,2,3,1,345.66,146.91,0.0647,0,0,0.0181,0.0959,"","x"
"209","june",2011,"nutnet","4","Schizachyrium_scoparium",2,26.5,1,3,1,456.323,156.34,0.0745,0,0,0.0277,0.181,"","x"
"210","june",2011,"nutnet","4","Andropogon_gerardii",3,23,0,3,1,493.321,133.04,0.0822,1,0.2,0.024,0.106,"","x"
"211","june",2011,"nutnet","4","Sorghastrum_nutans",3,25,2,2,1,599.469,158.11,0.0872,0,0,0.033,0.1114,"","x"
"212","august",2011,"nutnet","4","Schizachyrium_scoparium",2,37,2,3,1,542.41,151.43,0.0923,1,0.3,0.0471,0.2308,"","x"
"213","june",2011,"nutnet","4","Andropogon_gerardii",1,30.5,2,2,2,498.362,151.91,0.0973,0,0,0.0313,0.162,"","x"
"214","june",2011,"nutnet","4","Sorghastrum_nutans",2,29,1,2,1,683.519,181.86,0.0984,0,0,0.0297,0.0833,"","x"
"215","june",2011,"nutnet","4","Solidago_missouriensis",3,14,1,5,1,429.437,120.77,0.0991,0,0,0.0265,0.1499,"","x"
"216","august",2011,"nutnet","4","Sorghastrum_nutans",3,24.5,0,2,1,600.929,145.16,0.1074,1,0.2,0.0436,0.1414,"","x"
"217","august",2011,"nutnet","4","Solidago_missouriensis",3,28,11,26,4,341.608,95.66,0.1082,1,0.3,0.0426,1.1213,"","x"
"218","june",2011,"nutnet","4","Sorghastrum_nutans",1,28,2,2,1,800.341,182.59,0.1211,0,0,0.0378,0.1187,"","x"
"219","june",2011,"nutnet","4","Solidago_missouriensis",2,15,1,6,2,523.233,102.19,0.1266,1,0.4,0.037,0.3082,"","x"
"220","june",2011,"nutnet","4","Solidago_missouriensis",1,12,2,5,2,505.04,111,0.1283,0,0,0.0382,0.1848,"","x"
"221","august",2011,"nutnet","4","Andropogon_gerardii",2,35,4,2,1,474.292,121.17,0.134,1,0.2,0.0473,0.3678,"","x"
"222","august",2011,"nutnet","4","Andropogon_gerardii",1,32,5,2,1,628.038,85,0.1515,1,0.3,0.0563,0.4514,"","x"
"223","august",2011,"nutnet","4","Andropogon_gerardii",3,25.5,2,1,0,813.002,101.82,0.1717,1,0.1,0.0714,0.1298,"","x"
"224","june",2011,"nutnet","4","Andropogon_gerardii",2,35,0,4,1,1035.036,146.25,0.1928,1,0.3,0.0661,0.2563,"","x"
"225","august",2011,"nutnet","4","Solidago_missouriensis",2,16,4,3,1,823.985,74.68,0.2462,1,0.3,0.0851,0.314,"","x"
"226","august",2011,"nutnet","4","Solidago_missouriensis",1,18.5,2,5,1,957.358,43.05,0.2635,1,0.1,0.0908,0.5253,"","x"
"227","august",2011,"nutnet","4","Sorghastrum_nutans",2,47,2,2,1,1530.071,234.72,0.3184,1,0.1,0.1384,0.5211,"","x"
"228","august",2011,"nutnet","4","Sorghastrum_nutans",1,35.5,2,1,1,1602.616,111.26,0.3499,1,0.3,0.1581,0.6753,"","x"
"229","june",2011,"nutnet","18","Ambrosia_psilostachya",1,7.5,0,5,2,29.17,61.54,0.0081,1,0.3,0.0011,0.0148,"","x"
"230","june",2011,"nutnet","18","Ambrosia_psilostachya",3,14,3,5,2,83.676,91.7,0.0122,0,0,0.0037,0.0327,"","x"
"231","june",2011,"nutnet","18","Schizachyrium_scoparium",1,28.5,1,2,1,187.567,59.36,0.0183,0,0,0.0083,0.0458,"","x"
"232","august",2011,"nutnet","18","Dichanthelium_oligosanthes",3,13,2,3,1,151.818,147,0.0255,0,0,0.0074,0.0896,"","x"
"233","august",2011,"nutnet","18","Schizachyrium_scoparium",2,24,1,4,1,177.68,185.79,0.0277,0,0,0.0095,0.1239,"","x"
"234","june",2011,"nutnet","18","Schizachyrium_scoparium",2,14.5,0,3,1,211.402,85.34,0.0288,0,0,0.0085,0.0622,"","x"
"235","august",2011,"nutnet","18","Dichanthelium_oligosanthes",2,19.5,4,12,4,254.63,179.74,0.0353,0,0,0.0154,0.3597,"","x"
"236","june",2011,"nutnet","18","Ambrosia_psilostachya",2,18,2,6,4,146.711,99.81,0.0381,1,0.2,0.0086,0.1043,"","x"
"237","august",2011,"nutnet","18","Schizachyrium_scoparium",1,27.5,1,3,0,240.948,236.42,0.0386,1,0.1,0.015,0.1259,"","x"
"238","august",2011,"nutnet","18","Dichanthelium_oligosanthes",1,12,1,3,0,259.092,163,0.0408,0,0,0.0104,0.0487,"","x"
"239","june",2011,"nutnet","18","Dichanthelium_oligosanthes",2,21,1,7,8,311.37,113.01,0.0411,0,0,0.0107,0.2829,"","x"
"240","august",2011,"nutnet","18","Schizachyrium_scoparium",3,35,1,3,1,258.718,94.13,0.0431,0,0,0.0176,0.1958,"","x"
"241","june",2011,"nutnet","18","Andropogon_gerardii",3,17.5,1,3,1,296.391,93.04,0.0437,1,0.1,0.0147,0.0557,"","x"
"242","june",2011,"nutnet","18","Schizachyrium_scoparium",3,20,1,2,1,307.445,95.43,0.0577,0,0,0.0135,0.0697,"","x"
"243","june",2011,"nutnet","18","Dichanthelium_oligosanthes",3,36,5,12,2,417.15,177.47,0.0661,0,0,0.0174,0.8483,"","x"
"244","june",2011,"nutnet","18","Solidago_missouriensis",2,10.5,0,3,2,301.171,331.2,0.0716,0,0,0.019,0.098,"","x"
"245","august",2011,"nutnet","18","Andropogon_gerardii",1,25,3,2,1,454.978,189.03,0.1019,1,0.2,0.0357,0.2622,"","x"
"246","june",2011,"nutnet","18","Dichanthelium_oligosanthes",1,21,1,13,8,546.786,121.06,0.104,1,0.3,0.027,0.6478,"","x"
"247","august",2011,"nutnet","18","Andropogon_gerardii",3,35,3,1,1,582.928,136.38,0.127,1,0.1,0.0401,0.2498,"","x"
"248","august",2011,"nutnet","18","Andropogon_gerardii",2,38.5,3,2,1,563.386,138.06,0.1376,1,0.3,0.0666,0.3468,"","x"
"249","august",2011,"nutnet","18","Sorghastrum_nutans",1,26.5,1,2,1,545.479,181.6,0.1379,0,0,0.0496,0.1028,"","x"
"250","august",2011,"nutnet","18","Solidago_missouriensis",1,12.5,2,2,1,620.543,44.3,0.1648,0,0,0.0509,0.1641,"","x"
"251","august",2011,"nutnet","18","Solidago_missouriensis",2,13.5,2,2,1,699.12,66.04,0.1649,0,0,0.0736,0.2486,"","x"
"252","june",2011,"nutnet","18","Solidago_missouriensis",3,16.5,1,7,4,666.667,105.35,0.1705,1,0.1,0.0521,0.5525,"","x"
"253","august",2011,"nutnet","18","Solidago_missouriensis",3,15,1,6,1,599.315,59.84,0.1746,0,0,0.0717,0.6467,"","x"
"254","june",2011,"nutnet","18","Sorghastrum_nutans",3,39,2,2,2,963.192,149.79,0.1746,1,0.3,0.0506,0.2356,"","x"
"255","june",2011,"nutnet","18","Solidago_missouriensis",1,17.5,1,5,2,625.98,226.55,0.1822,0,0,0.0524,0.3534,"","x"
"256","june",2011,"nutnet","18","Andropogon_gerardii",1,40,2,3,3,958.041,153.82,0.1831,1,0.2,0.0713,0.7281,"","x"
"257","june",2011,"nutnet","18","Andropogon_gerardii",2,42,1,3,3,1047.288,163.64,0.1973,1,0.3,0.072,0.5715,"","x"
"258","august",2011,"nutnet","18","Sorghastrum_nutans",2,36,3,2,1,810.706,169.2,0.2061,1,0.1,0.0962,0.5165,"","x"
"259","august",2011,"nutnet","18","Sorghastrum_nutans",3,36.5,2,2,1,1238.345,296,0.2584,1,0.1,0.125,0.487,"","x"
"260","june",2011,"nutnet","18","Sorghastrum_nutans",2,45,2,2,1,2128.071,98.94,0.425,1,0.3,0.1483,0.6171,"","x"
"261","june",2011,"nutnet","18","Sorghastrum_nutans",1,53,3,2,1,2403.973,379.45,0.488,1,0.2,0.1912,0.9017,"","x"
"262","june",2011,"nutnet","21","Schizachyrium_scoparium",2,19,2,2,1,215.278,117.05,0.0272,1,0.1,0.0091,0.0423,"","x"
"263","august",2011,"nutnet","21","Schizachyrium_scoparium",1,33.5,1,3,1,227.041,105.9,0.0313,1,0.3,0.0162,0.2567,"","x"
"264","august",2011,"nutnet","21","Schizachyrium_scoparium",2,35.5,2,5,1,222.684,90.62,0.0314,1,0.1,0.0136,0.3436,"","x"
"265","august",2011,"nutnet","21","Dichanthelium_oligosanthes",3,18.5,1,5,2,502.159,163.09,0.0325,0,0,0.009,0.1649,"","x"
"266","august",2011,"nutnet","21","Dichanthelium_oligosanthes",2,12.5,0,3,2,516.627,173.63,0.0342,1,0.2,0.0121,0.0488,"","x"
"267","june",2011,"nutnet","21","Ambrosia_psilostachya",1,22,2,6,4,194.51,61.82,0.0382,1,0.4,0.0104,0.1143,"","x"
"268","june",2011,"nutnet","21","Ambrosia_psilostachya",3,12,2,4,2,169.343,37.47,0.044,0,0,0.0111,0.0983,"","x"
"269","august",2011,"nutnet","21","Dichanthelium_oligosanthes",1,29,5,8,4,637.87,184.5,0.0459,1,0.1,0.0144,0.4622,"","x"
"270","june",2011,"nutnet","21","Dichanthelium_oligosanthes",2,15,1,6,2,318.81,98.72,0.0471,0,0,0.0125,0.1508,"","x"
"271","june",2011,"nutnet","21","Ambrosia_psilostachya",2,16.5,1,4,4,233.739,54.37,0.0496,0,0,0.0171,0.1783,"","x"
"272","august",2011,"nutnet","21","Solidago_missouriensis",2,29,5,24,2,217.761,41.26,0.0637,1,0.4,0.0237,0.9831,"","x"
"273","june",2011,"nutnet","21","Dichanthelium_oligosanthes",1,26,2,4,2,506.509,106.37,0.0651,0,0,0.0214,0.2331,"","x"
"274","august",2011,"nutnet","21","Solidago_missouriensis",1,29.5,2,32,5,233.974,34.28,0.069,1,0.3,0.0306,1.2263,"","x"
"275","august",2011,"nutnet","21","Solidago_missouriensis",3,10.5,2,2,1,447.695,79.22,0.0938,1,0.5,0.0359,0.0981,"","x"
"276","june",2011,"nutnet","21","Andropogon_gerardii",2,30,1,3,1,658.529,184.11,0.0986,0,0,0.0336,0.1831,"","x"
"277","june",2011,"nutnet","21","Dichanthelium_oligosanthes",3,28,2,5,3,626.458,103.32,0.1024,0,0,0.0285,0.4031,"","x"
"278","june",2011,"nutnet","21","Solidago_missouriensis",1,11,0,5,0,434.508,113.21,0.1048,0,0,0.0261,0.104,"","x"
"279","august",2011,"nutnet","21","Andropogon_gerardii",2,30,4,0,1,673.356,155.33,0.1088,1,0.2,0.0527,0.1492,"","x"
"280","june",2011,"nutnet","21","Andropogon_gerardii",3,34,0,3,2,649.017,171.86,0.1108,0,0,0.0378,0.2286,"","x"
"281","august",2011,"nutnet","21","Schizachyrium_scoparium",3,38.5,2,1,0,561.081,147.49,0.1145,1,0.2,0.0518,0.1576,"","x"
"282","june",2011,"nutnet","21","Schizachyrium_scoparium",1,33,1,3,1,552.73,133.48,0.1281,1,0.3,0.0492,0.2141,"","x"
"283","june",2011,"nutnet","21","Andropogon_gerardii",1,33.5,3,4,2,877.905,85.72,0.14,0,0,0.0518,0.3488,"","x"
"284","june",2011,"nutnet","21","Schizachyrium_scoparium",3,41,1,3,1,765.724,186.95,0.1405,1,0.3,0.0524,0.2175,"","x"
"285","august",2011,"nutnet","21","Andropogon_gerardii",3,32.5,4,3,1,868.799,194.72,0.155,1,0.1,0.0537,0.6364,"","x"
"286","august",2011,"nutnet","21","Sorghastrum_nutans",2,39,1,2,1,712.312,181.3,0.1938,1,0.1,0.0877,0.2898,"","x"
"287","june",2011,"nutnet","21","Solidago_missouriensis",2,31.5,1,5,1,76.695,85.66,0.2042,0,0,0.0606,0.2875,"","x"
"288","august",2011,"nutnet","21","Andropogon_gerardii",1,43,2,1,2,1080.68,132.37,0.2139,1,0.1,0.0918,0.5095,"","x"
"289","august",2011,"nutnet","21","Sorghastrum_nutans",1,42.5,4,1,1,1217.644,149.53,0.2444,1,0.1,0.1349,0.4692,"","x"
"290","june",2011,"nutnet","21","Solidago_missouriensis",3,15,2,3,3,849.577,67.91,0.2476,1,0.1,0.0671,0.4197,"","x"
"291","august",2011,"nutnet","21","Sorghastrum_nutans",3,46.5,3,1,1,1489.794,192.9,0.2725,1,0.1,0.1343,0.4168,"","x"
"292","june",2011,"nutnet","21","Sorghastrum_nutans",1,41,1,2,1,1780.63,272.06,0.3359,1,0.2,0.1239,0.3377,"","x"
"293","june",2011,"nutnet","21","Sorghastrum_nutans",2,48.5,1,1,2,1817.766,150.1,0.3445,0,0,0.1154,0.4899,"","x"
"294","june",2011,"nutnet","21","Sorghastrum_nutans",3,49,1,3,1,2124.844,272.14,0.4072,1,0.1,0.1448,0.6398,"","x"
